1492572,https://github.com/Akshay1897/Sarcasm-Detection/blob/6859fb9d7d3d9034ae37e486d5aa5a3e7c0dfcd9/Sarcasm_Detection.ipynb
1595552,https://github.com/Logan-Stark/Notebook-Code/blob/b2b63367c6b5ab6a8c44a012c6b54f0f9617b50e/Video_games_Player_Concentrations.ipynb
3796021,https://github.com/darrenlimweiyang/qr-happiness-ay1920/blob/657ef1b7811a8450dc8954adb7ec55a2706a575e/Tutorial-1/.ipynb_checkpoints/cantril-ladder-analysis-p2-checkpoint.ipynb
140759,https://github.com/Student15068390/AMLSassignment/blob/204f5f14274acf73b913d81201ca21cbd3014263/Classification_Tasks/AMLS_AgeIdentification.ipynb
4264471,https://github.com/TravisKnop/Weather-and-Energy-Use/blob/060e1bf37e337b6cf8097acc3fa43d3b8cf5baff/Daily%20Data.ipynb
4473143,https://github.com/patrickFuerst/human_life_exp/blob/8825fc429c4a5547911c11663004457362a00d70/Data%20Analysis(Michael).ipynb
4337090,https://github.com/EnzoCalogero/Python_DataScience/blob/b720b2665b266b5308f3b585e0c2efe5e2255634/course2/Assignment2%20(1).ipynb
1097750,https://github.com/celinakim/FinalProject-Tiktok/blob/7735fc16b0ec2eb76a808fe0d50058237206c280/INFO2950_Final_Project%20-%20TikTok%20Analysis%20.ipynb
3725235,https://github.com/RCoelho74/TCC-PUC-MG/blob/0c91464dea79339b36350b83abbc8ff7adb4fccc/TCC/Analise/Apresentacao.ipynb
152739,https://github.com/ArtechStark/JDD2018_Census/blob/2be3a1e378b3409997ca1278d23d3807668d19a9/%E6%95%B0%E6%8D%AE%E5%88%86%E6%9E%90%E5%92%8C%E5%BC%82%E5%B8%B8%E5%80%BC%E5%A4%84%E7%90%86.ipynb
3843923,https://github.com/grgmgd/data-engineering-course/blob/cb4092ec2e2cfc64448eb27a7ce44ea828ee37bf/Practice3%20-%20Tidy%20Data.ipynb
1492575,https://github.com/cerlymarco/MEDIUM_NoteBook/blob/0e69dfe3ceb070a37f2c9449df595e4e38206a98/Remaining_Life_Estimation/Remaining_Life_Estimation.ipynb
4300602,https://github.com/ianlcassidy/blog-posts/blob/0887ad5bf727ec9e5d869483e0e22705e903c2a9/20181217-recs-and-personalization/recs_and_personalization.ipynb
1044027,https://github.com/lnbalon/world_population/blob/9cad268183946d2a2c29e42e3bcaf03bfc898328/world_population_analysis.ipynb
3847323,https://github.com/himusoni/Coursera_Capstone/blob/be545ae4a1d40d2cb28f9cb6818253405cd372e3/Property%20Recommendation%20Project.ipynb
4427906,https://github.com/cariasmartelo/TA4/blob/5c98a94fa3dfa9380faa8ebd498cb7c000f19ab4/TA4.ipynb
4001709,https://github.com/kathleenbuckingham/beta-test/blob/ec0f1dda93aeac0990e97dd2f3f211dee3832c76/Data_Cleaning/.ipynb_checkpoints/South_Korea-checkpoint.ipynb
1089645,https://github.com/Ametavaibhav/investigating_tmdb_dataset/blob/1c88583cd733f1a29bed115888fc2d2e1b1f316d/investigate-tmdb-dataset.ipynb
3897010,https://github.com/henribxn/udacityprojects_term2/blob/84f0aa4110dfa6b53b97f036c69e43135e7d8a40/DisasterResponsePipeline/notebook_pipeline/.ipynb_checkpoints/ETL%20Pipeline%20Preparation-checkpoint.ipynb
8392403,https://github.com/duboyal/ETH_Price_Prediction/blob/9fab89f77bc0ff51f7a14babd2549e7a0bed8354/2)SCRAPING-WRANGLING-CLEANING/DF_to_CSV_files.ipynb
1003349,https://github.com/spectorhls/Spector-HLS/blob/c86b3322e1c72b5ff48ee8dbf8e52b50d5e0392b/matrix_multiplication/results/postproc/.ipynb_checkpoints/asic_matmul_postproc-checkpoint.ipynb
4401467,https://github.com/elaine-peiru/Thesis_final/blob/b18611200858fd5cc726c1cf1fb61c457c2ca68e/Data%20Cleaning_Kaggle.ipynb
1064516,https://github.com/shreddy1/Sexual-Harassment-Detection/blob/8bde4d802182a243fbe6d99f04fb030689b96ead/Code/mainClassifierLstm-Bi.ipynb
3951300,https://github.com/chrispfchung/coronavirus-barchartrace/blob/f1bdfb3f87528ebddda9e0265ebe627031ea502a/Coronavirus%20Dataset%20Analysis.ipynb
4482537,https://github.com/chamard/wikidata_translation/blob/3498ade0fbb21eaf344afc5e5c69e45f0d45fa87/COLABORATIVE_FILTERING.ipynb
4011573,https://github.com/kunalgoyal9/NEET-College-Prediction/blob/2d1cb7ac44dc81fa9fa4c212dc30a7d723a830e0/.ipynb_checkpoints/round_2-checkpoint.ipynb
1038750,https://github.com/PauloGiovani/POO-233/blob/4b64fb805ae60d498c9c896dede94670dcd1dfa7/04_pre_processamento_final.ipynb
4562158,https://github.com/kbossou/bias-in-vc/blob/9491126e33ecb615a6fc2f1c6bf530180f84cf0f/.ipynb_checkpoints/Data%20Analysis-I-checkpoint.ipynb
1502454,https://github.com/bakitybacon/cryptoeconomics/blob/9e0bd88b634c6ddd76014d45aeb11dc9b1196ed1/340termproject-interpol.ipynb
3797619,https://github.com/dassatrian/food-locations/blob/795dfcf51bdcba210239944300af1b63ed3ae0c5/env/.ipynb_checkpoints/Food_locations-checkpoint.ipynb
3759351,https://github.com/ohoweedy/Final_Project/blob/2dae014fc151422fe421fddad372e017f6922ea1/final_model.ipynb
3766541,https://github.com/giannapolitano/Projeto-3-CD/blob/e00cff2a5b08698fdae5ed9bd3be639b6a42d44f/.ipynb_checkpoints/prjt-final-checkpoint.ipynb
160505,https://github.com/RPGroup-PBoC/growth_limits/blob/daddb5f6f4a11a60332d23fbea89cc94d827521c/code/exploratory/dataset_comparison_qc.ipynb
3995742,https://github.com/HsiangHsu/ACOMP-209A---Final-Project/blob/822bd1d2e4095a7a90b47654e575552148a355b5/Data%20Pre-processing/20171203_Data_Clean_DX_complete.ipynb
4580619,https://github.com/Hadeermohamed1012/bgrab/blob/9c7292df78356eebd3af2adcb04e274bc45497da/Practice3%20-%20Tidy%20Data.ipynb
1089645,https://github.com/Ametavaibhav/investigating_tmdb_dataset/blob/1c88583cd733f1a29bed115888fc2d2e1b1f316d/investigate-tmdb-dataset.ipynb
4643166,https://github.com/HariharanJayashankar/mrw1992/blob/c574297b2a3bfecb05abcee0e8e2200f702161ed/MRW1992.ipynb
8392403,https://github.com/duboyal/ETH_Price_Prediction/blob/9fab89f77bc0ff51f7a14babd2549e7a0bed8354/2)SCRAPING-WRANGLING-CLEANING/DF_to_CSV_files.ipynb
4241794,https://github.com/KFrench/machine-learning-challenge/blob/54daff2d47455458735780ac048698fc7756cb69/SVR_M2.ipynb
4611319,https://github.com/fiit15py/l03pandas-Porotov/blob/808a8e1e5094d10b0b5c2af676b2971c8e2a00b0/.ipynb_checkpoints/l03pandas-checkpoint.ipynb
1053310,https://github.com/carlosbrown2/Springboard/blob/36e88411fba652c5d48a81d3177a32653cdacebc/Capstone%20Project%201/Capstone%201%20-%20Data%20Story.ipynb
4198708,https://github.com/don2vito/wechat_project/blob/e60ec867b739023c6fbcfbdc8443c27fced8b073/%E5%9B%BE%E7%81%B5%E7%A4%BE_%E6%95%B0%E6%8D%AE%E5%88%86%E6%9E%90%E5%AE%9E%E6%88%98_Python%E5%AE%9E%E7%8E%B0/3.%20AB%E6%B5%8B%E8%AF%95/AB_test_analysis.ipynb
4573458,https://github.com/aliemamalinezhad/Health_level_classification_deep_learning/blob/6fefc16ca4f65e729e89edf28ab2483c5ad47bdf/Health_level_classification.ipynb
4193289,https://github.com/gauravdhelia/House_Price_Prediction/blob/a161535e26fd28b68d8bbd2d616bf43ac2f95f85/House%20Price%20Prediction.ipynb
1601750,https://github.com/RichWolff/springboardDS/blob/45f25b04b0dd50831dd9dfe0fd73308cc5afb25f/capstone_predictingObesity/jupyterNotebooks/500city_inferentialStats.ipynb
4294922,https://github.com/JohnLarson775/Data_Visualization/blob/903684fa390cba29d8572aa013927f54f3c4200a/fantasy_exploration.ipynb
4325788,https://github.com/VishwasMore/Book-Recommendation-System/blob/14b8546f0c0b590334013e2a7f95bd44126272d9/.ipynb_checkpoints/book-reccomendationSystem-knn-checkpoint.ipynb
1568859,https://github.com/jainpragya13/Twitter-Data-Wrangling/blob/0ab3c48af1ca9bbf03e39587ccae01496e4cae38/wrangle_act%20(3).ipynb
154032,https://github.com/Macks3110/bADAss_team_project/blob/c7b8d270c9ad0f30c06dadafb05b7b3c4ca60e97/src/ProjectMain.ipynb
1053310,https://github.com/carlosbrown2/Springboard/blob/36e88411fba652c5d48a81d3177a32653cdacebc/Capstone%20Project%201/Capstone%201%20-%20Data%20Story.ipynb
3742233,https://github.com/stanfordjournalism/stanford-progj-2020/blob/1989062114e0e0a098006429d9c6715534808ea3/code/sfgov/tidy-evictions.ipynb
1046688,https://github.com/brianckeegan/2019S-INFO-3402/blob/e2e1b208b46f9bd73ccd014f1eb44af9ffd7d3a6/Data/.ipynb_checkpoints/Class%2012%20-%20Data%20reshaping%20in%20pandas-checkpoint.ipynb
2502238,https://github.com/olwolf/python-for-data-analysis/blob/eeaa22f1f9af14bc4a90b4a2745df0f47d4400ca/ch10.ipynb
1584041,https://github.com/ThomVett/Homework_ADA/blob/29845963643f87587365d1d9231fe800ca7cc1f1/HW_01/.ipynb_checkpoints/Data%20Wrangling%20with%20Pandas-checkpoint.ipynb
1754446,https://github.com/taicaile/study_notes/blob/1ea89442f096364bb11e3112a0298be2e881f024/008_PythonForDataAnalysis/Exercises/CDNOW%E7%94%A8%E6%88%B7%E6%95%B0%E6%8D%AE%E5%88%86%E6%9E%90/CDNOW%E7%94%A8%E6%88%B7%E6%95%B0%E6%8D%AE%E5%88%86%E6%9E%90.ipynb
2910996,https://github.com/Nsemble/ML_course/blob/e91241e5b0202fd3a73029a8164a63c61f6e2dcc/Chapter_2/Pandas.ipynb
5032979,https://github.com/alqabandi/daml_covid/blob/1b26b4310fedac49bcd64514f86273eb23788dae/visuals.ipynb
569068,https://github.com/gunerilhan/macroforbusiness/blob/625ac2b6188a312082d02127334a3e0777433f09/lecture1/visuals/lecture1.ipynb
1268451,https://github.com/mustafarrag/data-science/blob/76ca2f2113736f2c9affb6920549fc9cfb857455/.ipynb_checkpoints/pandas-checkpoint.ipynb
3822843,https://github.com/shahsarick/BSKR/blob/ad14baab6a385d2e72d09a3e0210e2623d583c70/BensonFromKyle/.ipynb_checkpoints/allocation_alg-checkpoint.ipynb
2435274,https://github.com/mkrijal/Insurance/blob/1348583ed60bbf65e15e24e98ce84bad5cb4d2c4/Mining%20Insurance.ipynb
1044976,https://github.com/yaronv/Python-Notebooks/blob/2611105e94dab02f2577afb7a94d869fc18734e9/workshop-visualizations/01-drastically-different-time-series.ipynb
2042368,https://github.com/DrAugustine1981/InstacartCapstoneProject/blob/636a17837795153b5412caca029294364877c0df/CapstoneProjectPart2.ipynb
4463564,https://github.com/GaloisInc/covid-19/blob/9f4a2d1a728ebff3320e491d590b4e346c883cf4/sandbox/COVID-19_EWD/Ventilator%20Modeling.ipynb
1074384,https://github.com/Mukuhi-Kamau/DataThon/blob/39d1dae526a737acbd1b93d797de1a2c85301d3c/.ipynb_checkpoints/Bundas-checkpoint-checkpoint.ipynb
1530967,https://github.com/ewdavi/ShrinkSmart/blob/f70160ba7967405549b02c12c15691f3f94a17d3/EvictionLabs/EvictionLabs%20Data.ipynb
455979,https://github.com/nitinkaushik01/Data_Science_Bootcamp/blob/637c4341ead4768b09ddae8f85dfcf236c91e78e/Classification_Algorithms/Support_Vector_Machine/Support_Vector_Machine.ipynb
6785846,https://github.com/alikhanlab/Campaign-Finance-Scorecard-Project-State-Reps/blob/f28d065fc322d7be8e74d63aca84646ece43c2ee/src/linkedin_fuzzymatching.ipynb